,ブランド名,作品タイトル,原作発売日,進捗,公式,DL先,
,:-,:-,:-,:-,:-:,:-:,
,内容,内容,内容,0%,[＊](),[＊](),
,ACTRESS,虹を見つけたら教えて。,2004/10/29,70%,[＊](https://www.actress.ne.jp/products/nijimite/index.html),[＊](https://github.com/Prince-of-sea/ACTGS2ONS_Actress-Nijimite),
,Liar-soft,SEVEN-BRIDGE,2005/02/18,70%,[＊](https://www.liar.co.jp/seven.html),[＊](https://github.com/Prince-of-sea/RSC2ONS_Liar-SB),
,タイガーソフト,むすんで、ひらいて。,2006/02/03,30%,[＊](https://web.archive.org/web/20070306101142fw_/http://www.tiger-soft.com/musunde/index.htm),[＊](https://github.com/Prince-of-sea/MJO2ONS_Tiger-Musuhira),
,Supplement Time,未来のキミと、すべての歌に―,2007/12/31,80%,[＊](http://doubleegg.blog89.fc2.com/blog-entry-14.html),[＊](https://github.com/Prince-of-sea/KIRIKIRI2ONS_ST-miku),
,アパタイト,祖母と僕,2017/03/10,65%?,[＊](https://www.appetite-game.com/apt_085.html),[＊](https://github.com/Prince-of-sea/KIRIKIRI2ONS_APTIT-sobo),
,コンプリーツ,ママとの甘い性活Ⅱ,2017/07/21,60%,[＊](http://www.complets.co.jp/complets/MS2/index.html),[＊](https://github.com/Prince-of-sea/KIRIKIRI2ONS_COMP-mama2),
,アパタイト,ボクの祖母,2017/09/01,65%?,[＊](https://www.appetite-game.com/apt_095.html),[＊](https://github.com/Prince-of-sea/KIRIKIRI2ONS_APTIT-sobo),
,アパタイト,祖母の密穴,2018/01/12,65%?,[＊](https://www.appetite-game.com/apt_102.html),[＊](https://github.com/Prince-of-sea/KIRIKIRI2ONS_APTIT-sobo),
,アパタイト,義祖母、調教中。,2018/02/02,65%?,[＊](https://www.appetite-game.com/apt_104.html),[＊](https://github.com/Prince-of-sea/KIRIKIRI2ONS_APTIT-sobo),
,アパタイト,あの頃、祖母はエロかった,2018/04/06,65%?,[＊](https://www.appetite-game.com/apt_108.html),[＊](https://github.com/Prince-of-sea/KIRIKIRI2ONS_APTIT-sobo),
,アパタイト,妻の祖母は、まだまだ現役超美熟女,2018/10/05,65%,[＊](https://www.appetite-game.com/apt_121.html),[＊](https://github.com/Prince-of-sea/KIRIKIRI2ONS_APTIT-sobo),
,アパタイト,ばぁばとママとの超熟母娘丼,2019/02/08,65%?,[＊](https://www.appetite-game.com/apt_130.html),[＊](https://github.com/Prince-of-sea/KIRIKIRI2ONS_APTIT-sobo),
,アパタイト,曾祖母のひ孫筆おろし,2019/06/14,65%,[＊](https://www.appetite-game.com/apt_138.html),[＊](https://github.com/Prince-of-sea/KIRIKIRI2ONS_APTIT-sobo),
,アパタイト,孫の巨根の虜になりました,2020/02/14,65%?,[＊](https://www.appetite-game.com/apt_155.html),[＊](https://github.com/Prince-of-sea/KIRIKIRI2ONS_APTIT-sobo),
,アパタイト,まごかつ,2020/11/13,65%,[＊](https://www.appetite-game.com/apt_173.html),[＊](https://github.com/Prince-of-sea/KIRIKIRI2ONS_APTIT-sobo),
,るび様を崇める会,セイラに夢みたいないちゃラブご奉仕させていただけますか,2022/07/15,55%,[＊](https://rubisama.com/seira/),[＊](https://github.com/Prince-of-sea/TYRANO2ONS_Rubisama-seilove/),
